40,9706067,CellPhone,https://afniempverify.blob.core.windows.net/verify/40/2021-11-23T07_05_14.jpg
87,8271111,CellPhone,https://afniempverify.blob.core.windows.net/verify/87/2021-10-07T11_49_49.jpg
187,6436716,CellPhone,https://afniempverify.blob.core.windows.net/verify/187/2021-07-31T19_08_55.jpg
360,9910122,CellPhone,https://afniempverify.blob.core.windows.net/verify/360/2021-12-01T10_44_41.jpg
373,6457309,CellPhone,https://afniempverify.blob.core.windows.net/verify/373/2021-08-02T07_44_37.jpg
618,6644687,CellPhone,https://afniempverify.blob.core.windows.net/verify/618/2021-08-09T14_26_49.jpg
743,6481517,CellPhone,https://afniempverify.blob.core.windows.net/verify/743/2021-08-02T19_08_11.jpg
855,6408016,CellPhone,https://afniempverify.blob.core.windows.net/verify/855/2021-07-30T15_42_55.jpg
1018,7201718,CellPhone,https://afniempverify.blob.core.windows.net/verify/1018/2021-09-02T15_36_15.jpg
2441,7733091,CellPhone,https://afniempverify.blob.core.windows.net/verify/2441/2021-09-21T14_07_51.jpg
3613,6770416,CellPhone,https://afniempverify.blob.core.windows.net/verify/3613/2021-08-13T08_58_05.jpg
3732,6582306,CellPhone,https://afniempverify.blob.core.windows.net/verify/3732/2021-08-06T14_18_20.jpg
3828,7379161,CellPhone,https://afniempverify.blob.core.windows.net/verify/3828/2021-09-09T15_54_00.jpg
4488,6475813,CellPhone,https://afniempverify.blob.core.windows.net/verify/4488/2021-08-02T16_36_00.jpg
5419,6978358,CellPhone,https://afniempverify.blob.core.windows.net/verify/5419/2021-08-24T09_51_31.jpg
5698,6982680,CellPhone,https://afniempverify.blob.core.windows.net/verify/5698/2021-08-24T12_29_09.jpg
5785,6412968,CellPhone,https://afniempverify.blob.core.windows.net/verify/5785/2021-07-30T17_44_34.jpg
6579,7411605,CellPhone,https://afniempverify.blob.core.windows.net/verify/6579/2021-09-10T16_09_55.jpg
6813,8417223,CellPhone,https://afniempverify.blob.core.windows.net/verify/6813/2021-10-15T08_30_17.jpg
7629,6549529,CellPhone,https://afniempverify.blob.core.windows.net/verify/7629/2021-08-05T11_01_41.jpg
7792,7512099,CellPhone,https://afniempverify.blob.core.windows.net/verify/7792/2021-09-14T12_53_17.jpg
7849,6408726,CellPhone,https://afniempverify.blob.core.windows.net/verify/7849/2021-07-30T15_59_42.jpg
9250,6698660,CellPhone,https://afniempverify.blob.core.windows.net/verify/9250/2021-08-11T13_05_56.jpg
9266,6551767,CellPhone,https://afniempverify.blob.core.windows.net/verify/9266/2021-08-05T12_12_14.jpg
9577,6393446,CellPhone,https://afniempverify.blob.core.windows.net/verify/9577/2021-07-30T09_51_26.jpg
9598,6611533,CellPhone,https://afniempverify.blob.core.windows.net/verify/9598/2021-08-07T18_21_15.jpg
9609,6395314,CellPhone,https://afniempverify.blob.core.windows.net/verify/9609/2021-07-30T10_45_43.jpg
9976,6406099,CellPhone,https://afniempverify.blob.core.windows.net/verify/9976/2021-07-30T15_01_30.jpg
10896,6462024,CellPhone,https://afniempverify.blob.core.windows.net/verify/10896/2021-08-02T10_49_20.jpg
11288,6851919,CellPhone,https://afniempverify.blob.core.windows.net/verify/11288/2021-08-18T08_33_05.jpg
11328,6406719,CellPhone,https://afniempverify.blob.core.windows.net/verify/11328/2021-07-30T15_13_17.jpg
12021,6402387,CellPhone,https://afniempverify.blob.core.windows.net/verify/12021/2021-07-30T13_37_12.jpg
12955,6427844,CellPhone,https://afniempverify.blob.core.windows.net/verify/12955/2021-07-31T12_56_06.jpg
13081,10061119,CellPhone,https://afniempverify.blob.core.windows.net/verify/13081/2021-12-07T12_46_04.jpg
13347,6593322,CellPhone,https://afniempverify.blob.core.windows.net/verify/13347/2021-08-06T18_40_44.jpg
13753,6864149,CellPhone,https://afniempverify.blob.core.windows.net/verify/13753/2021-08-18T14_55_36.jpg
14262,7121373,CellPhone,https://afniempverify.blob.core.windows.net/verify/14262/2021-08-30T18_42_00.jpg
14653,6462288,CellPhone,https://afniempverify.blob.core.windows.net/verify/14653/2021-08-02T10_55_49.jpg
16557,6859676,CellPhone,https://afniempverify.blob.core.windows.net/verify/16557/2021-08-18T13_01_54.jpg
17151,9812500,CellPhone,https://afniempverify.blob.core.windows.net/verify/17151/2021-11-27T11_31_39.jpg
17735,7058096,CellPhone,https://afniempverify.blob.core.windows.net/verify/17735/2021-08-27T14_05_52.jpg
19003,6501554,CellPhone,https://afniempverify.blob.core.windows.net/verify/19003/2021-08-03T14_38_57.jpg
19140,6424061,CellPhone,https://afniempverify.blob.core.windows.net/verify/19140/2021-07-31T09_51_17.jpg
19561,6638151,CellPhone,https://afniempverify.blob.core.windows.net/verify/19561/2021-08-09T11_32_01.jpg
20038,7451032,CellPhone,https://afniempverify.blob.core.windows.net/verify/20038/2021-09-12T12_48_15.jpg
20480,7556116,CellPhone,https://afniempverify.blob.core.windows.net/verify/20480/2021-09-15T17_23_42.jpg
21206,6531389,CellPhone,https://afniempverify.blob.core.windows.net/verify/21206/2021-08-04T15_08_27.jpg
24536,6546105,CellPhone,https://afniempverify.blob.core.windows.net/verify/24536/2021-08-05T08_42_11.jpg
24633,6493220,CellPhone,https://afniempverify.blob.core.windows.net/verify/24633/2021-08-03T10_50_36.jpg
25008,7045456,CellPhone,https://afniempverify.blob.core.windows.net/verify/25008/2021-08-26T20_30_34.jpg
